{
    "train_loss": [
        3.5418540014736895,
        1.2942036286644314,
        1.2170974776364756,
        1.1926770339841428,
        1.1569668909777766,
        1.151130187338677,
        1.1083917902863545,
        1.1064461780631023,
        1.0596841945164446,
        1.02871513971384,
        1.0316714298897895,
        0.9824747590051182,
        0.9584608604942543,
        0.9841750428296517,
        0.9518551981967428,
        0.9062524744565936,
        0.9113381086052328,
        0.8672412046487781,
        0.872316288775292,
        0.8750622155873672
    ],
    "train_acc": [
        0.3718707328174784,
        0.4328629949931725,
        0.4761037778789258,
        0.5079654073736914,
        0.5270823850705507,
        0.5225307237141557,
        0.5289030496131087,
        0.5357305416477014,
        0.5648611743286299,
        0.5794264906690942,
        0.5780609922621757,
        0.6067364588074647,
        0.6176604460628129,
        0.6049157942649067,
        0.6331360946745562,
        0.6513427401001366,
        0.6486117432862994,
        0.6549840691852526,
        0.6558944014565317,
        0.6681838871187984
    ],
    "val_loss": [
        1.3826580908563402,
        1.2542706727981567,
        1.155006210009257,
        1.204679058657752,
        1.1009745829635196,
        1.0596378710534837,
        1.0825443135367498,
        0.9929244551393721,
        1.1090857320361667,
        0.96969606479009,
        0.9450797041257223,
        1.0151440567440457,
        0.955660343170166,
        1.0255537728468578,
        0.878607945309745,
        0.9598402877648672,
        0.8890827165709602,
        0.9816551738315158,
        0.8273486263222165,
        0.8746621956427892
    ],
    "val_acc": [
        0.42805100182149364,
        0.4772313296903461,
        0.5555555555555556,
        0.5336976320582878,
        0.575591985428051,
        0.5974499089253188,
        0.5846994535519126,
        0.6211293260473588,
        0.5792349726775956,
        0.6411657559198543,
        0.6302367941712204,
        0.5956284153005464,
        0.6484517304189436,
        0.5901639344262295,
        0.6794171220400729,
        0.6466302367941712,
        0.6867030965391621,
        0.6338797814207651,
        0.692167577413479,
        0.668488160291439
    ]
}