{
    "accuracy": 0.668488160291439,
    "precision": 0.6870958902558321,
    "recall": 0.668488160291439,
    "f1_score": 0.6437900308998191,
    "train_time": 5942.889376163483
}