{
    "accuracy": 0.9326047358834244,
    "precision": 0.9338649846581656,
    "recall": 0.9326047358834244,
    "f1_score": 0.9325036194427189,
    "train_time": 9035.78509092331
}