{
    "accuracy": 0.8870673952641166,
    "precision": 0.8880286693344003,
    "recall": 0.8870673952641166,
    "f1_score": 0.8870690285416405,
    "train_time": 4266.756235122681
}