{
    "train_loss": [
        0.8880166540975156,
        0.15295026208395543,
        0.05707013201427417,
        0.046684363339791424,
        0.0359668604746137,
        0.026367012500776436
    ],
    "train_acc": [
        0.7523896222121074,
        0.9499317250796541,
        0.9808830223031406,
        0.9881656804733728,
        0.9908966772872099,
        0.9904415111515703
    ],
    "val_loss": [
        0.3800316130121549,
        0.3930319282743666,
        0.42579284662173855,
        0.48486437358789974,
        0.4888953311989705,
        0.49844519918163616
    ],
    "val_acc": [
        0.8870673952641166,
        0.8943533697632058,
        0.8943533697632058,
        0.8670309653916212,
        0.8888888888888888,
        0.8870673952641166
    ]
}