{
    "train_loss": [
        0.6645770219789036,
        0.2294852672063786,
        0.11733093234183996,
        0.049096489581616894,
        0.03421253145442925,
        0.029930024050122152,
        0.036213806756110724,
        0.056133193416062044,
        0.046967005363894976,
        0.0226122180296891
    ],
    "train_acc": [
        0.7742375967228038,
        0.943559399180701,
        0.9749658625398271,
        0.9959035047792444,
        0.9949931725079654,
        0.996358670914884,
        0.9918070095584889,
        0.9827036868456986,
        0.9868001820664543,
        0.9945380063723259
    ],
    "val_loss": [
        0.32217919329802197,
        0.2529059429135587,
        0.1778830360724694,
        0.22123007890250948,
        0.16932823713351455,
        0.17671466696386537,
        0.18541338646577465,
        0.27569354000863516,
        0.26017451244923806,
        0.18955039812458885
    ],
    "val_acc": [
        0.8943533697632058,
        0.9034608378870674,
        0.9489981785063752,
        0.9180327868852459,
        0.9453551912568307,
        0.9508196721311475,
        0.9289617486338798,
        0.912568306010929,
        0.9253187613843351,
        0.9326047358834244
    ]
}